City_ID,City,Country,Date,Lat,Lng,Max Temp,Humidity,Cloudiness,Wind Speed
0,Aitape,PG,2021-11-24 23:49:27,-3.1374,142.3475,85.01,65,96,3.22
1,Geraldton,AU,2021-11-24 23:49:28,-28.7667,114.6,82.81,18,0,12.66
2,Hermanus,ZA,2021-11-24 23:49:28,-34.4187,19.2345,58.8,72,0,19.69
3,Ushuaia,AR,2021-11-24 23:46:32,-54.8,-68.3,47.86,61,40,23.02
4,Sungairaya,ID,2021-11-24 23:49:29,0.7,108.9,78.49,86,100,2.13
5,Acapulco,MX,2021-11-24 23:48:17,16.8634,-99.8901,79.75,80,8,5.55
6,Pamanukan,ID,2021-11-24 23:49:29,-6.2842,107.8106,81.43,77,93,3.18
7,Ponca City,US,2021-11-24 23:49:30,36.707,-97.0856,65.1,61,1,5.75
8,Tabou,CI,2021-11-24 23:49:30,4.423,-7.3528,79.81,84,30,5.86
9,Tiksi,RU,2021-11-24 23:49:30,71.6872,128.8694,-1.88,80,100,7.49
10,Prainha,BR,2021-11-24 23:49:31,-1.8,-53.48,79.36,73,88,2.89
11,Ndele,CF,2021-11-24 23:49:31,8.4109,20.6473,71.47,30,2,4.63
12,Meulaboh,ID,2021-11-24 23:49:32,4.1363,96.1285,75.0,84,97,3.98
13,Atuona,PF,2021-11-24 23:49:32,-9.8,-139.0333,77.45,80,18,11.54
14,Doha,QA,2021-11-24 23:49:32,25.2867,51.5333,71.58,66,0,8.05
15,Yagodnoye,RU,2021-11-24 23:49:33,62.55,149.6667,-24.68,95,52,4.03
16,Rikitea,PF,2021-11-24 23:49:33,-23.1203,-134.9692,77.14,71,16,12.73
17,Port Alfred,ZA,2021-11-24 23:49:34,-33.5906,26.891,59.92,79,65,11.5
18,Puerto Ayora,EC,2021-11-24 23:49:34,-0.7393,-90.3518,69.75,82,64,11.34
19,Busselton,AU,2021-11-24 23:49:34,-33.65,115.3333,65.05,52,48,12.71
20,Kalmunai,LK,2021-11-24 23:49:35,7.4167,81.8167,76.24,90,100,8.46
21,Barrow,US,2021-11-24 23:45:02,71.2906,-156.7887,-2.18,78,90,13.8
22,Saint John,CA,2021-11-24 23:49:01,45.2727,-66.0677,37.18,53,75,9.22
23,Atambua,ID,2021-11-24 23:49:35,-9.1061,124.8925,82.04,69,87,1.07
24,Kourou,GF,2021-11-24 23:49:36,5.1552,-52.6478,82.11,89,61,4.92
25,Hovd,MN,2021-11-24 23:49:36,48.0056,91.6419,25.14,56,15,9.01
26,Morondava,MG,2021-11-24 23:49:36,-20.2833,44.2833,76.3,80,4,6.26
27,Khatanga,RU,2021-11-24 23:49:37,71.9667,102.5,-10.73,96,33,4.99
28,Carnarvon,AU,2021-11-24 23:49:37,-24.8667,113.6333,80.67,26,0,10.36
29,Bengkulu,ID,2021-11-24 23:49:38,-3.8004,102.2655,76.3,71,61,4.03
30,Mataura,NZ,2021-11-24 23:49:38,-46.1927,168.8643,71.02,29,90,6.91
31,Fortuna,US,2021-11-24 23:49:39,40.5982,-124.1573,57.9,64,1,1.99
32,Holod,RO,2021-11-24 23:49:39,46.7833,22.1333,30.25,79,0,3.51
33,Airai,TL,2021-11-24 23:49:39,-8.9266,125.4092,70.27,74,98,1.59
34,Vestmannaeyjar,IS,2021-11-24 23:49:39,63.4427,-20.2734,38.08,84,100,16.55
35,Baiyin,CN,2021-11-24 23:49:40,36.5583,104.2081,18.48,30,0,3.29
36,Kloulklubed,PW,2021-11-24 23:49:40,7.0419,134.2556,82.9,76,52,17.4
37,Tshikapa,CD,2021-11-24 23:49:41,-6.4167,20.8,68.86,95,100,1.63
38,Chimbote,PE,2021-11-24 23:49:41,-9.0853,-78.5783,66.22,86,100,7.61
39,Tasiilaq,GL,2021-11-24 23:49:41,65.6145,-37.6368,26.76,83,100,7.56
40,Ushtobe,KZ,2021-11-24 23:49:42,45.2514,77.9838,41.54,55,80,7.45
41,Dingle,PH,2021-11-24 23:49:42,10.9995,122.6711,80.69,86,97,8.75
42,Vila Velha,BR,2021-11-24 23:49:43,-20.3297,-40.2925,75.15,86,20,5.01
43,Nemuro,JP,2021-11-24 23:49:43,43.3236,145.575,36.03,59,45,15.88
44,Araouane,ML,2021-11-24 23:49:43,18.9048,-3.5265,77.09,29,49,8.75
45,Cherskiy,RU,2021-11-24 23:49:44,68.75,161.3,-12.17,98,100,4.23
46,Cairns,AU,2021-11-24 23:48:31,-16.9167,145.7667,85.95,78,90,5.75
47,Lorengau,PG,2021-11-24 23:50:44,-2.0226,147.2712,85.44,67,68,9.26
48,Yar-Sale,RU,2021-11-24 23:50:44,66.8333,70.8333,-3.84,99,97,3.58
49,Tehri,IN,2021-11-24 23:50:45,30.3833,78.4833,52.65,40,0,4.47
50,New Norfolk,AU,2021-11-24 23:50:45,-42.7826,147.0587,74.66,24,8,4.61
51,Tuktoyaktuk,CA,2021-11-24 23:50:45,69.4541,-133.0374,-25.6,68,20,6.91
52,Faanui,PF,2021-11-24 23:50:46,-16.4833,-151.75,81.43,73,15,7.92
53,Luderitz,NA,2021-11-24 23:50:46,-26.6481,15.1594,59.67,82,0,12.8
54,Dikson,RU,2021-11-24 23:50:46,73.5069,80.5464,7.12,88,100,10.67
55,Grindavik,IS,2021-11-24 23:50:47,63.8424,-22.4338,36.07,93,90,17.27
56,Hilo,US,2021-11-24 23:50:47,19.7297,-155.09,80.33,78,40,10.36
57,Bambous Virieux,MU,2021-11-24 23:50:48,-20.3428,57.7575,74.21,88,20,5.75
58,Hasaki,JP,2021-11-24 23:50:48,35.7333,140.8333,48.6,48,0,8.16
59,Tanout,NE,2021-11-24 23:50:48,14.9709,8.8879,78.57,16,4,9.64
60,Qaanaaq,GL,2021-11-24 23:50:49,77.484,-69.3632,-2.49,50,0,8.12
61,Maneadero,MX,2021-11-24 23:50:49,31.7167,-116.5667,65.19,77,3,1.99
62,Iquique,CL,2021-11-24 23:50:50,-20.2208,-70.1431,64.44,73,80,4.5
63,Saint-Francois,FR,2021-11-24 23:50:50,46.4154,3.9054,33.67,96,98,2.3
64,Mayahi,NE,2021-11-24 23:50:51,13.9553,7.6712,78.51,16,38,8.81
65,Victoria,HK,2021-11-24 23:50:51,22.2855,114.1577,68.32,68,15,1.01
66,Jamestown,US,2021-11-24 23:46:19,42.097,-79.2353,42.39,60,1,3.0
67,Souillac,MU,2021-11-24 23:50:52,-20.5167,57.5167,74.35,88,20,5.75
68,College,US,2021-11-24 23:50:52,64.8569,-147.8028,-7.02,70,40,5.75
69,Ribeira Grande,PT,2021-11-24 23:50:52,38.5167,-28.7,65.05,71,100,23.35
70,Bronnoysund,NO,2021-11-24 23:50:53,65.4625,12.1997,30.67,89,99,17.34
71,Husavik,IS,2021-11-24 23:50:53,66.0449,-17.3389,28.31,81,100,16.35
72,Lata,PT,2021-11-24 23:50:53,40.1629,-8.3327,51.82,96,3,1.57
73,Saint-Pierre,RE,2021-11-24 23:48:46,-21.3393,55.4781,74.88,70,20,8.05
74,Houston,US,2021-11-24 23:50:11,29.7633,-95.3633,74.12,75,90,8.99
75,Ongandjera,NA,2021-11-24 23:50:54,-17.8833,15.0667,73.98,20,0,7.92
76,Castro,BR,2021-11-24 23:50:54,-24.7911,-50.0119,65.86,76,76,7.0
77,Parana,AR,2021-11-24 23:50:54,-31.732,-60.5238,86.56,43,0,7.47
78,Xuddur,SO,2021-11-24 23:50:55,4.1213,43.8894,70.74,80,18,10.16
79,Bredasdorp,ZA,2021-11-24 23:50:55,-34.5322,20.0403,58.28,68,1,13.56
80,Sann,PK,2021-11-24 23:50:56,26.0418,68.1378,60.71,24,1,1.39
81,Lebu,CL,2021-11-24 23:50:56,-37.6167,-73.65,55.63,91,35,2.95
82,Kilindoni,TZ,2021-11-24 23:50:57,-7.9139,39.6668,80.06,80,44,7.87
83,Sibiti,CG,2021-11-24 23:46:10,-3.6819,13.3499,69.13,100,100,2.21
84,Upernavik,GL,2021-11-24 23:50:57,72.7868,-56.1549,23.16,93,100,34.83
85,Kouango,CF,2021-11-24 23:50:57,4.9934,19.9619,72.28,56,3,2.17
86,Mackay,AU,2021-11-24 23:50:58,-21.15,149.2,84.18,70,40,11.5
87,Shenjiamen,CN,2021-11-24 23:50:58,29.9576,122.298,53.55,59,7,6.08
88,Ust-Nera,RU,2021-11-24 23:50:58,64.5667,143.2,-25.85,100,78,1.14
89,Puerto Cabezas,NI,2021-11-24 23:50:59,14.0351,-83.3888,82.36,83,75,9.22
90,Punta Arenas,CL,2021-11-24 23:46:19,-53.15,-70.9167,53.71,40,0,9.22
91,Provideniya,RU,2021-11-24 23:50:59,64.3833,-173.3,3.31,60,0,8.95
92,Poso,ID,2021-11-24 23:51:00,-1.3959,120.7524,78.24,86,100,4.94
93,Avarua,CK,2021-11-24 23:51:00,-21.2078,-159.775,80.65,69,13,9.22
94,Cape Town,ZA,2021-11-24 23:51:00,-33.9258,18.4232,62.11,55,0,11.5
95,Olinda,BR,2021-11-24 23:52:01,-8.0089,-34.8553,82.13,74,40,8.05
96,Bongor,TD,2021-11-24 23:52:01,10.2806,15.3722,75.88,20,30,5.53
97,Paka,MY,2021-11-24 23:52:02,4.6374,103.4368,76.98,94,40,2.3
98,Linqiong,CN,2021-11-24 23:52:02,30.4159,103.4609,42.62,80,12,0.58
99,Ginda,IN,2021-11-24 23:52:02,30.6945,78.4932,44.92,28,0,6.78
100,Mar Del Plata,AR,2021-11-24 23:49:11,-38.0023,-57.5575,65.66,74,48,2.8
101,Ilulissat,GL,2021-11-24 23:52:03,69.2167,-51.1,24.84,95,92,13.62
102,Agadez,NE,2021-11-24 23:52:03,19.75,10.25,73.45,20,1,8.08
103,Norrtalje,SE,2021-11-24 23:52:04,59.758,18.705,43.43,84,100,11.12
104,Guerrero Negro,MX,2021-11-24 23:52:02,27.9769,-114.0611,66.04,74,99,15.97
105,Loreto,MX,2021-11-24 23:52:04,22.2667,-101.9667,65.43,24,25,13.76
106,Ulladulla,AU,2021-11-24 23:52:05,-35.35,150.4667,76.77,74,100,3.24
107,Sao Felix Do Xingu,BR,2021-11-24 23:52:05,-6.6447,-51.995,76.6,78,73,3.27
108,Atar,MR,2021-11-24 23:52:06,20.5169,-13.0499,81.73,29,100,8.01
109,Luganville,VU,2021-11-24 23:52:06,-15.5333,167.1667,81.07,79,83,11.77
110,Chuy,UY,2021-11-24 23:52:06,-33.6971,-53.4616,63.54,70,0,8.05
111,Port Lincoln,AU,2021-11-24 23:51:07,-34.7333,135.8667,63.25,69,7,21.77
112,Labuhan,ID,2021-11-24 23:52:07,-6.8844,112.2051,81.77,79,97,5.66
113,East London,ZA,2021-11-24 23:52:08,-33.0153,27.9116,59.63,80,79,6.24
114,Kodiak,US,2021-11-24 23:52:08,57.79,-152.4072,24.31,54,90,8.05
115,Yellowknife,CA,2021-11-24 23:50:51,62.456,-114.3525,0.41,86,75,18.41
116,Kawalu,ID,2021-11-24 23:52:09,-7.3817,108.2082,76.77,90,73,0.6
117,Iqaluit,CA,2021-11-24 23:52:09,63.7506,-68.5145,28.13,74,90,31.07
118,Pevek,RU,2021-11-24 23:52:10,69.7008,170.3133,-16.65,93,100,0.83
119,Kutum,SD,2021-11-24 23:52:10,14.2,24.6667,60.1,17,32,6.71
120,Port-Gentil,GA,2021-11-24 23:52:10,-0.7193,8.7815,79.75,84,94,10.4
121,Nikolskoye,RU,2021-11-24 23:52:11,59.7035,30.7861,31.89,92,74,2.66
122,Aklavik,CA,2021-11-24 23:52:11,68.2191,-135.0107,-26.57,68,40,2.3
123,Rocha,UY,2021-11-24 23:52:12,-34.4833,-54.3333,65.61,55,0,7.38
124,Kaitangata,NZ,2021-11-24 23:52:12,-46.2817,169.8464,66.87,48,100,4.79
125,Paullo,IT,2021-11-24 23:52:12,45.4187,9.3977,47.53,86,0,1.01
126,Camacha,PT,2021-11-24 23:52:13,33.0833,-16.3333,62.02,52,75,14.97
127,Port Hardy,CA,2021-11-24 23:52:13,50.6996,-127.4199,44.6,93,90,18.41
128,Gusau,NG,2021-11-24 23:52:14,12.1628,6.6614,76.78,21,30,7.49
129,Haines Junction,CA,2021-11-24 23:52:14,60.7522,-137.5108,4.95,78,100,4.61
130,Thompson,CA,2021-11-24 23:52:15,55.7435,-97.8558,-3.84,77,1,12.66
131,Barkhan,PK,2021-11-24 23:52:15,29.8977,69.5256,54.41,34,0,2.1
132,Omboue,GA,2021-11-24 23:52:15,-1.5746,9.2618,76.44,92,100,5.23
133,Kyshtovka,RU,2021-11-24 23:52:16,56.555,76.6271,-6.7,100,84,4.14
134,Bilma,NE,2021-11-24 23:52:16,18.6853,12.9164,75.6,20,0,6.78
135,Wufeng,CN,2021-11-24 23:52:17,27.45,104.8333,35.31,94,28,1.77
136,Ancud,CL,2021-11-24 23:52:17,-41.8697,-73.8203,57.42,93,88,15.37
137,Bluff,NZ,2021-11-24 23:52:17,-46.6,168.3333,60.17,52,92,5.61
138,Balaguer,ES,2021-11-24 23:52:18,41.7912,0.8109,46.4,97,81,3.67
139,Rehoboth,NA,2021-11-24 23:52:18,-23.3167,17.0833,62.55,33,0,3.8
140,Zhaotong,CN,2021-11-24 23:53:18,27.3167,103.7167,37.67,93,28,1.36
141,Ugoofaaru,MV,2021-11-24 23:53:19,5.6667,73.0,79.59,82,100,16.4
142,Morros,BR,2021-11-24 23:53:19,-9.4467,-46.3003,75.29,79,90,1.25
143,Luang Prabang,LA,2021-11-24 23:53:19,19.8856,102.1347,66.56,83,88,1.99
144,Beloha,MG,2021-11-24 23:53:20,-25.1667,45.05,66.45,75,53,4.05
145,Albany,US,2021-11-24 23:51:13,42.6001,-73.9662,35.73,69,52,3.0
146,Pleasanton,US,2021-11-24 23:52:59,37.6624,-121.8747,66.96,34,1,4.0
147,Fare,PF,2021-11-24 23:53:20,-16.7,-151.0167,81.23,74,7,9.93
148,Bangassou,CF,2021-11-24 23:53:21,4.7413,22.8184,66.34,62,2,1.03
149,Liusha,CN,2021-11-24 23:53:21,27.2098,108.59,44.76,83,1,2.55
150,Kenai,US,2021-11-24 23:53:21,60.5544,-151.2583,16.14,80,75,0.0
151,Kharp,RU,2021-11-24 23:53:22,66.8014,65.8081,9.3,93,100,8.01
152,Beira,MZ,2021-11-24 23:53:22,-19.8436,34.8389,76.73,75,100,13.11
153,Lagoa,PT,2021-11-24 23:53:22,39.05,-27.9833,63.63,73,85,32.41
154,Saint George,US,2021-11-24 23:53:10,37.1041,-113.5841,59.47,18,1,8.01
155,Shitanjing,CN,2021-11-24 23:53:23,39.2342,106.3439,32.72,22,0,5.79
156,Leningradskiy,RU,2021-11-24 23:53:23,69.3833,178.4167,-17.77,97,100,4.61
157,Severo-Kurilsk,RU,2021-11-24 23:53:23,50.6789,156.125,36.55,98,100,25.57
158,Maridi,SS,2021-11-24 23:53:24,4.9158,29.4742,71.22,53,0,1.07
159,Prince Rupert,CA,2021-11-24 23:50:11,54.3161,-130.3201,46.09,87,90,28.77
160,Conde,BR,2021-11-24 23:53:24,-7.2597,-34.9075,80.06,83,0,6.91
161,Saint-Philippe,RE,2021-11-24 23:53:24,-21.3585,55.7679,74.79,83,20,2.37
162,Kapaa,US,2021-11-24 23:53:25,22.0752,-159.319,82.38,63,14,1.99
163,Ostrovnoy,RU,2021-11-24 23:53:25,68.0531,39.5131,24.55,70,100,11.9
164,Lavrentiya,RU,2021-11-24 23:53:25,65.5833,-171.0,-4.43,91,20,8.1
165,Alofi,NU,2021-11-24 23:53:26,-19.0595,-169.9187,84.09,70,40,10.36
166,Narsaq,GL,2021-11-24 23:53:26,60.9167,-46.05,35.94,99,100,8.05
167,Bagdarin,RU,2021-11-24 23:53:27,54.4333,113.6,-4.43,96,88,2.33
168,Road Town,VG,2021-11-24 23:53:27,18.4167,-64.6167,82.44,69,20,3.44
169,Yazman,PK,2021-11-24 23:53:27,29.1212,71.7446,64.22,18,0,7.96
170,Anloga,GH,2021-11-24 23:53:27,5.7947,0.8973,82.62,80,64,7.99
171,Alice Springs,AU,2021-11-24 23:53:28,-23.7,133.8833,67.55,68,40,11.5
172,Sola,VU,2021-11-24 23:53:28,-13.8833,167.55,84.87,70,75,5.75
173,Poum,NC,2021-11-24 23:53:29,-20.2333,164.0167,78.75,68,69,4.07
174,Portland,US,2021-11-24 23:50:07,45.5234,-122.6762,49.21,87,90,1.99
175,Vanimo,PG,2021-11-24 23:53:29,-2.6741,141.3028,83.16,70,100,1.36
176,Cheney,US,2021-11-24 23:53:30,47.4874,-117.5758,39.0,94,90,6.91
177,Lerwick,GB,2021-11-24 23:53:30,60.1545,-1.1494,42.8,73,56,30.31
178,San Patricio,US,2021-11-24 23:53:31,28.017,-97.5169,76.98,80,96,16.26
179,Georgetown,MY,2021-11-24 23:53:31,5.4112,100.3354,77.9,94,40,1.99
180,Noumea,NC,2021-11-24 23:53:31,-22.2763,166.4572,85.98,99,100,13.29
181,Chokurdakh,RU,2021-11-24 23:53:32,70.6333,147.9167,-25.56,100,90,6.49
182,Hithadhoo,MV,2021-11-24 23:53:32,-0.6,73.0833,81.99,72,93,18.54
183,Tuatapere,NZ,2021-11-24 23:53:33,-46.1333,167.6833,66.96,40,92,6.26
184,Mount Pleasant,US,2021-11-24 23:53:33,32.7941,-79.8626,46.0,73,20,0.0
185,Ekhabi,RU,2021-11-24 23:53:33,53.5102,142.9671,34.52,94,90,13.29
186,Kattivakkam,IN,2021-11-24 23:57:18,13.2167,80.3167,82.08,87,100,12.55
187,Vaini,TO,2021-11-24 23:57:18,-21.2,-175.2,84.36,84,75,6.91
188,Sayansk,RU,2021-11-24 23:57:19,54.1088,102.1648,7.54,96,70,4.72
189,Rio Grande,BR,2021-11-24 23:57:19,-32.035,-52.0986,66.31,74,0,14.67
190,Clyde River,CA,2021-11-24 23:53:17,70.4692,-68.5914,-0.17,92,80,13.8
191,Buraydah,SA,2021-11-24 23:56:10,26.326,43.975,61.25,42,1,7.81
192,Palmer,US,2021-11-24 23:57:20,42.1584,-72.3287,37.02,46,19,2.62
193,Bilibino,RU,2021-11-24 23:57:20,68.0546,166.4372,-5.22,99,100,1.79
194,Codrington,AU,2021-11-24 23:57:21,-38.2667,141.9667,62.4,66,9,13.09
195,Tutoia,BR,2021-11-24 23:57:21,-2.7619,-42.2744,81.48,80,84,13.4
196,Soyo,AO,2021-11-24 23:57:21,-6.1349,12.3689,77.61,83,100,6.17
197,Tandil,AR,2021-11-24 23:57:22,-37.3217,-59.1332,81.3,42,41,8.3
198,Saskylakh,RU,2021-11-24 23:57:22,71.9167,114.0833,-10.89,95,88,9.19
199,Fukue,JP,2021-11-24 23:57:22,32.6881,128.8419,55.76,67,40,2.3
200,Sao Joao Da Barra,BR,2021-11-24 23:52:32,-21.6403,-41.0511,71.76,88,9,6.8
201,Vostok,RU,2021-11-24 23:57:23,46.4856,135.8833,7.5,95,98,2.86
202,Naze,JP,2021-11-24 23:57:23,28.3667,129.4833,54.52,61,16,4.61
203,Torbay,CA,2021-11-24 23:57:24,47.6666,-52.7314,49.28,98,90,17.27
204,Pacifica,US,2021-11-24 23:53:42,37.6138,-122.4869,67.57,48,40,1.99
205,Rio De Jesus,PA,2021-11-24 23:57:24,7.9844,-81.1631,74.77,89,78,1.92
206,Mahibadhoo,MV,2021-11-24 23:57:24,3.7833,72.9667,80.44,78,100,20.51
207,Hobart,AU,2021-11-24 23:55:44,-42.8794,147.3294,67.12,60,40,9.22
208,Rongcheng,CN,2021-11-24 23:57:25,30.634,117.8517,48.0,60,1,3.31
209,Bathsheba,BB,2021-11-24 23:57:25,13.2167,-59.5167,75.81,88,20,4.61
210,Turan,VN,2021-11-24 23:52:46,16.0678,108.2208,71.58,78,40,5.75
211,Arraial Do Cabo,BR,2021-11-24 23:54:50,-22.9661,-42.0278,73.36,88,20,5.75
212,Colomi,BO,2021-11-24 23:57:25,-17.35,-65.8667,57.22,83,100,3.69
213,Waingapu,ID,2021-11-24 23:57:26,-9.6567,120.2641,83.98,68,93,0.63
214,Tadine,NC,2021-11-24 23:57:26,-21.55,167.8833,76.05,75,100,12.19
215,Alexandria,EG,2021-11-24 23:57:26,31.2156,29.9553,62.56,82,40,0.0
216,Careiro Da Varzea,BR,2021-11-24 23:57:27,-3.2003,-59.8119,84.81,79,85,2.17
217,Mabaruma,GY,2021-11-24 23:57:27,8.2,-59.7833,74.07,98,100,2.75
218,Empalme,MX,2021-11-24 23:57:27,27.9667,-110.8167,79.36,58,12,6.46
219,Mosalsk,RU,2021-11-24 23:57:28,54.4881,34.9817,33.49,91,100,12.48
220,Pacific Grove,US,2021-11-24 23:57:28,36.6177,-121.9166,66.29,44,19,1.99
221,Klaksvik,FO,2021-11-24 23:57:28,62.2266,-6.589,38.32,64,94,31.9
222,San Jose,US,2021-11-24 23:55:05,37.3394,-121.895,66.97,31,1,5.99
223,Inongo,CD,2021-11-24 23:57:29,-1.95,18.2667,70.84,95,100,4.36
224,Lompoc,US,2021-11-24 23:57:29,34.6391,-120.4579,73.09,40,1,11.01
225,Bandar-E Lengeh,IR,2021-11-24 23:57:29,26.5579,54.8807,74.64,45,0,3.51
226,Male,MV,2021-11-24 23:57:30,4.1748,73.5089,80.55,83,90,11.5
227,Kavaratti,IN,2021-11-24 23:57:30,10.5669,72.642,81.91,76,90,5.61
228,Marsassoum,SN,2021-11-24 23:57:31,12.8275,-15.9806,78.89,86,34,4.79
229,Ponta Do Sol,PT,2021-11-24 23:57:31,32.6667,-17.1,64.71,60,96,10.11
230,Lensk,RU,2021-11-24 23:55:42,60.7253,114.9278,-2.63,84,57,2.71
231,Alyangula,AU,2021-11-24 23:57:31,-13.8483,136.4192,85.87,70,40,10.36
232,Dana Point,US,2021-11-24 23:57:15,33.467,-117.6981,76.44,62,0,1.99
233,Umea,SE,2021-11-24 23:57:32,63.8284,20.2597,28.33,100,90,10.36
234,Abu Samrah,SY,2021-11-24 23:58:32,35.3029,37.1841,57.56,68,61,4.14
235,Half Moon Bay,US,2021-11-24 23:53:41,37.4636,-122.4286,67.77,40,1,10.36
236,Sitka,US,2021-11-24 23:58:33,57.0531,-135.33,38.61,91,100,7.16
237,Davila,PH,2021-11-24 23:58:33,18.4726,120.5763,76.98,77,8,11.01
238,Broome,US,2021-11-24 23:58:33,42.2506,-75.833,38.68,65,72,1.99
239,Siddhapur,IN,2021-11-24 23:58:34,23.9167,72.3833,67.71,48,0,3.94
240,Bethel,US,2021-11-24 23:58:34,41.3712,-73.414,40.66,62,27,3.4
241,Micheweni,TZ,2021-11-24 23:58:34,-4.9667,39.8333,80.35,81,83,6.24
242,Longyearbyen,SJ,2021-11-24 23:58:35,78.2186,15.6401,1.24,78,20,4.61
243,Sikeston,US,2021-11-24 23:58:35,36.8767,-89.5879,58.93,41,90,8.05
244,Prado,BR,2021-11-24 23:58:35,-17.3411,-39.2208,73.81,90,97,5.91
245,Constitucion,CL,2021-11-24 23:58:36,-35.3333,-72.4167,54.73,91,12,1.77
246,Butaritari,KI,2021-11-24 23:58:36,3.0707,172.7902,82.4,68,97,14.61
247,Japura,ID,2021-11-24 23:58:36,-0.3167,102.35,75.51,91,100,0.51
248,Sonoita,MX,2021-11-24 23:58:37,31.85,-112.8333,71.53,40,100,5.26
249,Hamilton,US,2021-11-24 23:58:19,39.1834,-84.5333,51.89,49,100,1.01
250,Pszow,PL,2021-11-24 23:58:37,50.0399,18.3947,33.1,94,4,4.23
251,Bay Roberts,CA,2021-11-24 23:58:37,47.5999,-53.2648,50.05,94,100,5.01
252,Buchanan,LR,2021-11-24 23:58:38,5.8808,-10.0467,76.96,85,32,4.61
253,Vyazma,RU,2021-11-24 23:58:38,55.2104,34.2951,33.76,91,100,12.06
254,Pisco,PE,2021-11-24 23:55:00,-13.7,-76.2167,66.25,82,0,16.11
255,Mayor Pablo Lagerenza,PY,2021-11-24 23:58:38,-19.9309,-60.7718,81.25,68,72,7.49
256,La Ronge,CA,2021-11-24 23:58:39,55.1001,-105.2842,-1.95,65,75,0.0
257,Awjilah,LY,2021-11-24 23:58:39,29.1081,21.2869,67.73,37,30,5.37
258,Tura,IN,2021-11-24 23:58:39,25.5198,90.2201,57.18,66,0,3.04
259,Balabac,PH,2021-11-24 23:58:40,7.9868,117.0645,81.19,83,100,14.34
260,Isangel,VU,2021-11-24 23:58:40,-19.55,169.2667,77.11,88,90,0.0
261,Cidreira,BR,2021-11-24 23:58:41,-30.1811,-50.2056,67.73,75,0,19.89
262,San Luis,AR,2021-11-24 23:58:39,-33.295,-66.3356,61.32,92,79,13.8
263,Chapais,CA,2021-11-24 23:58:41,49.7834,-74.8492,26.38,91,45,7.0
264,Plessisville,CA,2021-11-24 23:58:41,46.2186,-71.762,30.06,58,0,4.61
265,Klyuchi,RU,2021-11-24 23:58:42,52.2667,79.1667,27.48,98,100,5.48
266,Trogir,HR,2021-11-24 23:58:42,43.5125,16.2517,52.57,76,90,1.14
267,Chokwe,MZ,2021-11-24 23:58:42,-24.5333,32.9833,69.87,68,33,6.08
268,Acarau,BR,2021-11-24 23:58:43,-2.8856,-40.12,80.96,77,38,16.33
269,Guatire,VE,2021-11-24 23:58:43,10.4762,-66.5427,78.21,98,95,0.81
270,Iberia,US,2021-11-24 23:58:43,29.9502,-91.7507,68.02,74,32,8.77
271,Sanchor,IN,2021-11-24 23:58:44,24.7553,71.7722,68.97,36,2,4.81
272,Aguimes,ES,2021-11-24 23:58:44,27.9054,-15.4461,66.83,78,40,5.75
273,Mahebourg,MU,2021-11-24 23:58:44,-20.4081,57.7,74.25,88,20,5.75
274,Asau,RO,2021-11-24 23:58:45,46.4333,26.4,28.76,83,5,3.18
275,Cooma,AU,2021-11-24 23:58:45,-36.2333,149.1333,62.37,94,90,8.05
276,Watsa,CD,2021-11-24 23:58:45,3.0372,29.5355,63.19,88,28,1.83
277,Kieta,PG,2021-11-24 23:58:46,-6.2167,155.6333,86.4,59,45,4.59
278,La Cruz,MX,2021-11-24 23:58:46,23.9167,-106.9,74.5,66,65,4.7
279,Takestan,IR,2021-11-24 23:59:46,36.0696,49.6959,41.13,60,72,7.74
280,Mehamn,NO,2021-11-24 23:59:47,71.0357,27.8492,22.89,89,96,2.17
281,Sompeta,IN,2021-11-24 23:59:47,18.9333,84.6,74.5,88,99,4.29
282,Richards Bay,ZA,2021-11-24 23:59:47,-28.783,32.0377,65.91,68,100,10.58
283,San Quintin,MX,2021-11-24 23:59:48,30.4833,-115.95,64.42,70,65,7.45
284,Namibe,AO,2021-11-24 23:59:48,-15.1961,12.1522,68.65,66,7,7.29
285,Mittagong,AU,2021-11-24 23:59:48,-34.45,150.45,67.3,89,100,5.3
286,Aguas Belas,BR,2021-11-24 23:59:49,-9.1114,-37.1231,78.58,65,27,8.25
287,Arlit,NE,2021-11-24 23:59:49,18.7369,7.3853,76.91,15,0,5.84
288,Esperance,AU,2021-11-24 23:59:49,-33.8667,121.9,62.44,70,52,2.91
289,Peniche,PT,2021-11-24 23:59:50,39.3558,-9.3811,55.62,72,46,26.28
290,Anadyr,RU,2021-11-24 23:59:50,64.75,177.4833,-14.3,76,20,11.18
291,Ubinskoye,RU,2021-11-24 23:59:51,55.3068,79.6802,3.78,100,100,3.06
292,Marystown,CA,2021-11-24 23:59:51,47.1666,-55.1483,51.85,100,100,10.0
293,Nador,MA,2021-11-24 23:56:39,35.174,-2.9287,53.85,76,0,2.3
294,Mareeba,AU,2021-11-24 23:59:51,-17.0,145.4333,81.45,77,100,5.37
295,Camacupa,AO,2021-11-24 23:59:52,-12.0167,17.4833,62.47,89,100,3.04
296,Port-Cartier,CA,2021-11-24 23:59:52,50.0334,-66.8654,32.22,51,9,13.76
297,Lahaina,US,2021-11-24 23:58:21,20.8783,-156.6825,82.81,75,5,4.94
298,Baillif,GP,2021-11-24 23:59:52,16.0202,-61.7463,74.7,74,49,2.44
299,Henties Bay,NA,2021-11-24 23:59:53,-22.116,14.2845,59.86,88,67,2.15
300,Bubaque,GW,2021-11-24 23:59:53,11.2833,-15.8333,83.17,74,34,7.67
301,Marsa Matruh,EG,2021-11-24 23:59:54,31.3525,27.2453,59.2,88,0,3.44
302,Port Elizabeth,ZA,2021-11-24 23:59:54,-33.918,25.5701,61.09,77,0,9.22
303,Sobolevo,RU,2021-11-24 23:59:54,54.4299,31.8996,33.87,92,100,11.14
304,Kushiro,JP,2021-11-24 23:59:55,42.975,144.3747,29.35,80,20,4.61
305,Trincomalee,LK,2021-11-24 23:59:55,8.5711,81.2335,79.97,81,100,7.54
306,Aksu,CN,2021-11-24 23:59:55,41.1231,80.2644,28.35,48,3,3.29
307,Te Anau,NZ,2021-11-24 23:59:55,-45.4167,167.7167,64.24,42,97,8.19
308,Manokwari,ID,2021-11-24 23:59:56,-0.8667,134.0833,82.96,73,99,7.36
309,Carballo,ES,2021-11-24 23:59:56,43.213,-8.691,51.87,91,99,7.61
310,Maldonado,UY,2021-11-24 23:59:57,-34.6667,-54.9167,76.39,55,0,8.32
311,Semporna,MY,2021-11-24 23:59:57,4.4818,118.6112,75.4,83,97,4.32
312,Nago,JP,2021-11-24 23:59:57,26.5881,127.9761,66.36,63,84,5.39
313,Vao,NC,2021-11-24 23:59:57,-22.6667,167.4833,74.97,79,100,14.34
314,General Roca,AR,2021-11-24 23:59:58,-39.0333,-67.5833,84.6,20,100,28.9
315,Aykhal,RU,2021-11-24 23:59:58,66.0,111.5,-11.65,98,100,7.16
316,Srandakan,ID,2021-11-24 23:59:58,-7.9386,110.2506,80.91,81,72,3.65
317,Bayeux,BR,2021-11-24 23:59:59,-7.125,-34.9322,81.23,83,0,6.91
318,Rio Gallegos,AR,2021-11-24 23:59:59,-51.6226,-69.2181,53.65,43,75,18.41
319,Nanortalik,GL,2021-11-24 23:58:14,60.1432,-45.2371,39.33,97,100,13.11
320,Namatanai,PG,2021-11-25 00:00:00,-3.6667,152.4333,84.79,69,71,7.72
321,Tarko-Sale,RU,2021-11-25 00:00:00,64.9225,77.785,-3.05,97,99,13.18
322,Dungarpur,IN,2021-11-25 00:00:01,23.8333,73.7167,67.19,41,0,4.47
323,Las Margaritas,MX,2021-11-25 00:00:01,16.3167,-91.9833,55.69,90,8,4.52
324,Kruisfontein,ZA,2021-11-25 00:00:02,-34.0033,24.7314,56.88,90,4,3.96
325,Dongying,CN,2021-11-25 00:00:02,37.4564,118.4856,40.42,42,0,3.09
326,Kerema,PG,2021-11-25 00:01:03,-7.9631,145.7785,84.45,72,99,3.94
327,Sibu,MY,2021-11-25 00:01:03,2.3,111.8167,74.28,99,100,0.85
328,Kargasok,RU,2021-11-25 00:01:04,59.0556,80.8572,9.1,95,96,7.34
329,El Dorado,US,2021-11-25 00:01:04,38.7666,-120.5177,57.83,56,0,1.99
330,Flinders,AU,2021-11-25 00:01:04,-34.5833,150.8552,79.18,82,99,4.0
331,Sibolga,ID,2021-11-25 00:01:05,1.7427,98.7792,77.0,73,92,2.39
332,Hambantota,LK,2021-11-25 00:01:05,6.1241,81.1185,77.27,88,100,8.77
333,Talnakh,RU,2021-11-25 00:01:05,69.4865,88.3972,7.65,96,100,6.67
334,Kysyl-Syr,RU,2021-11-25 00:01:05,63.8986,122.7617,-8.59,90,100,5.41
335,Waipawa,NZ,2021-11-25 00:01:06,-41.4122,175.5153,66.83,43,98,7.11
336,Nyaunglebin,MM,2021-11-25 00:01:06,17.95,96.7333,70.75,92,87,3.47
337,Samarai,PG,2021-11-25 00:01:06,-10.6167,150.6667,84.45,72,46,14.58
338,Puerto Escondido,MX,2021-11-25 00:01:07,15.85,-97.0667,80.08,75,14,2.55
339,Puerto El Triunfo,SV,2021-11-25 00:01:07,13.2833,-88.55,78.96,64,36,2.01
340,Taoudenni,ML,2021-11-25 00:01:07,22.6783,-3.9836,78.94,37,99,7.2
341,Griffith,US,2021-11-25 00:01:07,41.5284,-87.4237,52.05,65,75,1.99
342,Santa Isabel Do Rio Negro,BR,2021-11-25 00:01:08,-0.4139,-65.0192,78.17,84,91,1.3
343,Saint-Augustin,CA,2021-11-25 00:01:08,51.226,-58.6502,44.73,96,100,19.04
344,Beringovskiy,RU,2021-11-25 00:01:08,63.05,179.3167,-0.99,80,100,6.58
345,Northam,GB,2021-11-25 00:01:09,51.0333,-4.2167,46.29,89,100,10.76
346,Bonthe,SL,2021-11-25 00:01:09,7.5264,-12.505,79.75,80,63,1.19
347,Dali,CN,2021-11-25 00:01:09,25.7,100.1833,40.33,87,0,2.84
348,Estevan,CA,2021-11-25 00:01:08,49.1334,-102.9842,7.14,71,50,5.1
349,Krasnoselkup,RU,2021-11-25 00:01:10,65.7,82.4667,3.11,95,100,11.36
350,Dubrovka,RU,2021-11-25 00:01:10,53.6907,33.5071,33.78,91,100,12.48
351,Ornskoldsvik,SE,2021-11-24 23:56:16,63.2909,18.7153,31.82,100,90,13.8
352,Vardo,NO,2021-11-25 00:01:10,70.3705,31.1107,27.72,66,95,6.91
353,Caen,FR,2021-11-25 00:01:11,49.0833,-0.4167,41.45,93,90,3.44
354,Alpena,US,2021-11-25 00:01:11,45.0617,-83.4327,44.94,70,100,1.99
355,Stanghelle,NO,2021-11-25 00:01:11,60.5528,5.7357,39.92,95,100,2.37
356,Porto Novo,BJ,2021-11-25 00:00:33,6.4965,2.6036,79.41,87,99,4.63
357,Arandis,NA,2021-11-25 00:01:12,-22.4167,14.9667,53.47,79,1,3.09
358,Yangambi,CD,2021-11-25 00:01:12,0.8102,24.4336,71.33,83,21,1.19
359,Muros,ES,2021-11-25 00:01:12,42.7762,-9.0603,54.84,94,79,13.09
360,Hami,CN,2021-11-25 00:01:12,42.8,93.45,25.81,67,37,2.42
361,Marzuq,YE,2021-11-25 00:01:13,14.4,46.4667,63.03,18,55,2.06
362,Nhulunbuy,AU,2021-11-25 00:01:13,-12.2333,136.7667,88.41,58,75,8.05
363,Port Blair,IN,2021-11-25 00:00:31,11.6667,92.75,79.81,82,100,10.13
364,Ilebo,CD,2021-11-25 00:01:14,-4.3167,20.5833,70.03,96,100,0.78
365,Salalah,OM,2021-11-25 00:01:14,17.0151,54.0924,78.28,65,10,2.73
366,Talara,PE,2021-11-25 00:00:26,-4.5772,-81.2719,65.5,86,100,13.58
367,Scottsboro,US,2021-11-25 00:01:14,34.6723,-86.0341,52.9,57,1,0.0
368,Juneau,US,2021-11-25 00:01:14,58.3019,-134.4197,38.84,99,100,7.0
369,Harper,LR,2021-11-25 00:01:15,4.375,-7.7169,79.72,84,32,6.46
370,Poltar,SK,2021-11-25 00:02:15,48.4309,19.7941,30.52,76,0,2.24
371,Coquimbo,CL,2021-11-25 00:02:15,-29.9533,-71.3436,59.18,78,0,3.51
372,Frederikssund,DK,2021-11-25 00:02:16,55.8396,12.069,44.98,95,100,1.99
373,Katubao,PH,2021-11-25 00:02:16,5.8892,124.8294,80.06,85,100,7.45
374,Pangody,RU,2021-11-25 00:02:16,65.85,74.4859,1.71,97,93,8.52
375,Ylojarvi,FI,2021-11-25 00:02:16,61.5563,23.5961,30.49,97,90,8.05
376,Shepsi,RU,2021-11-25 00:02:17,44.0361,39.1489,41.25,64,2,9.66
377,Madimba,TZ,2021-11-25 00:02:17,-10.4,40.3333,76.87,84,67,5.97
378,Shache,CN,2021-11-25 00:02:17,38.4167,77.2406,31.35,39,47,2.55
379,Zapolyarnyy,RU,2021-11-25 00:02:18,69.4154,30.8136,4.28,100,88,4.47
380,Kuryk,KZ,2021-11-25 00:02:18,43.2,51.65,36.79,66,99,17.43
381,Berlevag,NO,2021-11-25 00:02:18,70.8578,29.0864,23.65,89,97,2.53
382,Havre-Saint-Pierre,CA,2021-11-25 00:02:19,50.2334,-63.5986,35.96,87,90,14.97
383,Monchegorsk,RU,2021-11-25 00:02:19,67.9397,32.8739,6.46,97,54,3.22
384,Madison Heights,US,2021-11-25 00:02:17,42.4859,-83.1052,48.25,59,1,10.36
385,Vesoul,FR,2021-11-25 00:02:19,47.5833,5.8333,33.49,91,26,4.59
386,Ishigaki,JP,2021-11-25 00:02:20,24.3448,124.1572,73.02,69,91,17.63
387,Lat Yao,TH,2021-11-25 00:02:20,15.751,99.7893,71.47,85,100,1.1
388,Nizhneudinsk,RU,2021-11-25 00:02:20,54.9076,99.0276,19.36,71,99,5.59
389,Peleduy,RU,2021-11-25 00:02:21,59.6289,112.7406,2.03,94,100,3.29
390,Almeirim,BR,2021-11-25 00:02:21,-1.5233,-52.5817,78.44,77,81,3.78
391,Mandan,US,2021-11-25 00:02:21,46.8267,-100.8896,17.58,73,75,17.27
392,Matay,EG,2021-11-25 00:00:27,28.419,30.7792,64.04,54,6,5.61
393,Quatre Cocos,MU,2021-11-25 00:02:22,-20.2078,57.7625,74.08,76,7,8.59
394,Rapid Valley,US,2021-11-25 00:02:22,44.0625,-103.1463,30.33,62,1,5.01
395,Suntar,RU,2021-11-25 00:02:22,62.1444,117.6319,-3.57,94,100,4.25
396,Sinazongwe,ZM,2021-11-25 00:02:23,-17.2614,27.4618,78.1,66,69,5.97
397,Katsuura,JP,2021-11-25 00:02:23,35.1333,140.3,58.19,61,0,14.27
398,Platteville,US,2021-11-25 00:02:23,42.7342,-90.4785,50.47,66,1,6.91
399,Kanniyakumari,IN,2021-11-25 00:02:24,8.0833,77.5667,77.05,76,100,6.08
400,Mazagao,BR,2021-11-25 00:02:24,-0.115,-51.2894,77.27,86,25,3.8
401,Moron,AR,2021-11-25 00:02:24,-34.6534,-58.6198,83.05,44,25,1.01
402,Kumluca,TR,2021-11-25 00:02:24,36.3703,30.2869,53.67,72,54,5.1
403,Karratha,AU,2021-11-25 00:02:25,-20.7377,116.8463,87.76,20,60,22.19
404,Mantua,IT,2021-11-25 00:02:25,45.1667,10.7833,40.91,90,32,1.99
405,Oranjemund,NA,2021-11-25 00:02:25,-28.55,16.4333,60.28,92,86,7.99
406,Saldanha,ZA,2021-11-25 00:02:26,-33.0117,17.9442,61.12,68,0,15.77
407,Biak,ID,2021-11-25 00:02:26,-0.9131,122.8766,81.46,72,100,1.01
408,Basco,PH,2021-11-25 00:02:27,20.4487,121.9702,77.97,81,99,25.17
409,Kavali,IN,2021-11-25 00:02:27,14.9167,79.9833,77.68,83,100,8.21
410,San Pedro,PH,2021-11-25 00:02:27,14.35,121.0167,81.36,83,100,9.69
411,Paamiut,GL,2021-11-25 00:02:28,61.994,-49.6678,33.46,99,100,11.3
412,Igarka,RU,2021-11-25 00:02:28,67.4667,86.5833,8.46,95,100,11.59
413,Gao,ML,2021-11-25 00:02:12,16.6362,1.637,78.57,20,0,9.24
414,Xiaoweizhai,CN,2021-11-25 00:02:28,26.1903,107.5125,46.33,84,0,2.82
415,Svetlyy,RU,2021-11-25 00:02:29,54.675,20.1347,44.65,88,100,13.71
416,Pinheiro,BR,2021-11-25 00:02:29,-2.5214,-45.0825,77.77,83,99,3.65
417,Estrela,BR,2021-11-25 00:03:30,-28.0611,-50.9383,62.8,91,2,5.39
418,Bud,US,2021-11-25 00:03:30,39.447,-86.1758,53.65,49,100,13.62
419,Regina,CA,2021-11-24 23:59:07,50.4501,-104.6178,10.4,70,75,2.3
420,Novyy Urengoy,RU,2021-11-25 00:03:30,66.0833,76.6333,-1.95,98,99,8.52
421,Malmesbury,ZA,2021-11-25 00:03:31,-33.4608,18.7271,60.8,68,0,9.01
422,Nome,US,2021-11-25 00:03:31,64.5011,-165.4064,3.27,61,1,0.0
423,Amot,NO,2021-11-25 00:03:31,59.5714,7.9877,36.52,90,72,2.77
424,Manta,EC,2021-11-25 00:03:32,-0.95,-80.7333,74.98,78,75,12.66
425,Norman Wells,CA,2021-11-25 00:03:21,65.282,-126.8329,-17.27,99,100,0.96
426,Touros,BR,2021-11-25 00:03:32,-5.1989,-35.4608,80.04,77,48,12.75
427,Sao Miguel Do Araguaia,BR,2021-11-25 00:03:32,-13.275,-50.1628,77.34,81,99,3.18
428,Terrace Bay,CA,2021-11-25 00:03:33,48.7834,-87.1,28.35,83,99,18.95
429,Burns Lake,CA,2021-11-25 00:03:33,54.2331,-125.7533,31.24,83,100,5.93
430,Florence,IT,2021-11-25 00:02:49,43.7667,11.25,49.68,82,40,2.3
431,Jinchang,CN,2021-11-25 00:03:33,38.4953,102.1739,31.68,18,1,2.28
432,Coolum Beach,AU,2021-11-25 00:03:34,-26.5333,153.1,79.34,88,93,6.33
433,Nagorsk,RU,2021-11-25 00:03:34,59.3172,50.8078,14.02,94,100,7.49
434,Cabo San Lucas,MX,2021-11-25 00:03:34,22.8909,-109.9124,81.61,62,1,7.0
435,Hirara,JP,2021-11-25 00:03:34,24.8,125.2833,71.83,64,98,13.47
436,Antsohihy,MG,2021-11-25 00:03:35,-14.8796,47.9875,77.77,85,96,1.43
437,Batagay,RU,2021-11-25 00:03:35,67.6333,134.6333,-36.6,99,63,2.73
438,Assiniboia,CA,2021-11-25 00:03:35,49.6334,-105.9845,13.62,69,20,5.01
439,Komsomolskiy,UZ,2021-11-25 00:03:36,40.4272,71.7189,38.62,60,0,4.61
440,Kiruna,SE,2021-11-25 00:03:36,67.8557,20.2251,2.32,85,99,6.91
441,Wanning,CN,2021-11-25 00:03:36,18.8003,110.3967,66.33,80,17,10.63
442,Pangnirtung,CA,2021-11-25 00:03:36,66.1451,-65.7125,21.2,73,90,14.97
443,Constantine,DZ,2021-11-25 00:03:37,36.365,6.6147,46.9,79,39,5.19
444,Beyneu,KZ,2021-11-25 00:03:37,45.3167,55.2,28.04,68,84,15.5
445,Skibbereen,IE,2021-11-25 00:03:37,51.55,-9.2667,37.2,72,8,13.78
446,Pauini,BR,2021-11-25 00:03:38,-7.7136,-66.9764,74.26,97,100,2.73
447,Gampengrejo,ID,2021-11-25 00:03:38,-7.7667,112.0167,79.95,84,97,6.51
448,Mangrol,IN,2021-11-25 00:03:38,21.1167,70.1167,75.16,48,3,8.14
449,Bowen,AU,2021-11-25 00:03:38,-20.0167,148.2333,71.82,78,100,5.66
450,Hearst,CA,2021-11-25 00:03:39,49.6835,-83.6665,31.33,99,100,6.17
451,Port Macquarie,AU,2021-11-25 00:03:22,-31.4333,152.9167,78.89,83,75,11.5
452,Matagami,CA,2021-11-25 00:03:39,49.7502,-77.6328,32.18,87,99,7.96
453,Korla,CN,2021-11-25 00:00:29,41.7597,86.1469,25.95,60,6,2.86
454,Bandarbeyla,SO,2021-11-25 00:03:39,9.4942,50.8122,79.57,68,27,19.33
455,Queanbeyan,AU,2021-11-25 00:03:40,-35.35,149.2333,74.61,75,40,3.44
456,Rawson,AR,2021-11-25 00:03:40,-43.3002,-65.1023,65.32,55,18,11.95
457,Tautira,PF,2021-11-25 00:01:52,-17.7333,-149.15,86.02,76,41,9.35
458,Boende,CD,2021-11-25 00:03:40,-0.2167,20.8667,73.71,85,100,3.04
459,Villena,ES,2021-11-25 00:03:41,38.6373,-0.8657,46.13,73,71,17.54
460,Tucumcari,US,2021-11-25 00:03:41,35.1717,-103.725,55.24,18,1,14.97
461,Sangar,RU,2021-11-25 00:03:41,63.9242,127.4739,-20.27,95,100,1.95
462,Porangatu,BR,2021-11-25 00:03:42,-13.4408,-49.1486,77.83,74,99,1.54
463,Jining,CN,2021-11-25 00:03:42,35.405,116.5814,45.0,1,0,4.21
464,Bulgan,MN,2021-11-25 00:04:42,48.8125,103.5347,16.38,75,9,3.53
465,Presidencia Roque Saenz Pena,AR,2021-11-25 00:01:37,-26.7852,-60.4388,84.34,49,58,7.29
466,Abonnema,NG,2021-11-25 00:04:43,4.7084,6.7931,77.32,89,45,5.84
467,Kaeo,NZ,2021-11-25 00:04:43,-35.1,173.7833,66.92,66,94,6.87
468,Chifeng,CN,2021-11-25 00:04:43,42.2683,118.9636,24.19,59,3,5.53
469,Nishihara,JP,2021-11-25 00:04:43,26.1842,127.7558,65.48,59,75,5.75
470,Caravelas,BR,2021-11-25 00:04:44,-17.7125,-39.2481,74.26,86,100,5.64
471,Kikwit,CD,2021-11-25 00:04:44,-5.041,18.8162,70.03,97,100,0.51
472,Cockburn Town,TC,2021-11-25 00:02:34,21.4612,-71.1419,79.79,64,100,16.22
473,Trat,TH,2021-11-25 00:04:44,12.5,102.5,70.81,86,90,8.84
474,Sand,DE,2021-11-25 00:04:45,50.0,10.6,36.63,95,6,2.48
475,Tunceli,TR,2021-11-25 00:04:45,39.1083,39.5471,45.46,95,100,1.63
476,Kissidougou,GN,2021-11-25 00:04:45,9.1848,-10.0999,69.12,42,12,2.24
477,Patacamaya,BO,2021-11-25 00:04:45,-17.2333,-67.9167,49.19,74,99,7.99
478,Taltal,CL,2021-11-25 00:04:46,-25.4,-70.4833,62.38,75,24,4.45
479,Yanji,CN,2021-11-25 00:04:46,42.9075,129.5078,20.89,47,41,11.92
480,Inuvik,CA,2021-11-25 00:04:46,68.3499,-133.7218,-30.21,99,82,3.89
481,Fairbanks,US,2021-11-25 00:04:46,64.8378,-147.7164,-5.4,71,40,5.75
482,Itarema,BR,2021-11-25 00:04:47,-2.9248,-39.9167,80.85,75,44,14.43
483,Kamaishi,JP,2021-11-25 00:04:47,39.2667,141.8833,38.35,85,66,7.16
484,Mirnyy,RU,2021-11-25 00:04:48,62.5353,113.9611,-7.73,98,100,4.07
485,Gat,IL,2021-11-25 00:03:01,31.61,34.7642,61.39,72,74,4.5
486,Adrar,MR,2021-11-25 00:04:48,20.5022,-10.0711,78.39,30,100,7.76
487,Uhlirske Janovice,CZ,2021-11-25 00:04:48,49.8802,15.0648,35.19,87,7,7.25
488,Mopipi,BW,2021-11-25 00:04:49,-21.1833,24.8833,74.26,46,0,16.71
489,Vera Cruz,BR,2021-11-25 00:04:49,-12.6333,-41.0333,70.41,82,71,2.93
490,San Rafael,AR,2021-11-25 00:04:49,-34.6177,-68.3301,69.24,56,99,11.99
491,Kondopoga,RU,2021-11-25 00:04:50,62.2057,34.2614,18.1,96,88,4.52
492,Nefteyugansk,RU,2021-11-25 00:04:50,61.0998,72.6035,-3.75,98,89,8.95
493,Avera,US,2021-11-25 00:04:50,33.194,-82.5271,45.72,30,4,5.66
494,Novaya Mayna,RU,2021-11-25 00:04:50,54.15,49.75,20.79,83,100,16.06
495,Lazaro Cardenas,MX,2021-11-25 00:04:51,17.9583,-102.2,79.48,78,20,4.03
496,San Cristobal,VE,2021-11-25 00:03:50,7.7669,-72.225,66.11,97,72,2.1
497,Paita,PE,2021-11-25 00:04:51,-5.0892,-81.1144,67.39,79,92,14.97
498,Minab,IR,2021-11-25 00:04:51,27.1467,57.0801,72.36,80,0,1.19
499,Birin,NP,2021-11-25 00:04:52,26.8865,88.0718,46.17,74,2,4.94
500,Ishinomaki,JP,2021-11-25 00:04:52,38.4167,141.3,45.09,86,96,5.48
501,Mayo,US,2021-11-25 00:04:52,38.8876,-76.5119,43.09,72,1,0.0
502,Cuenca,EC,2021-11-25 00:04:53,-2.8833,-78.9833,56.08,93,99,2.39
503,Eureka,US,2021-11-25 00:04:53,40.8021,-124.1637,58.12,70,75,1.01
504,Dunedin,NZ,2021-11-25 00:01:32,-45.8742,170.5036,64.36,64,100,7.29
505,Sorong,ID,2021-11-25 00:04:53,-0.8833,131.25,82.92,78,79,3.09
506,Brigantine,US,2021-11-25 00:04:54,39.4101,-74.3646,42.85,63,1,6.91
507,Carauari,BR,2021-11-25 00:04:54,-4.8828,-66.8958,74.44,97,85,0.76
508,Yuncheng,CN,2021-11-25 00:04:54,35.0231,110.9928,40.08,52,0,3.44
509,Sulphur,US,2021-11-25 00:05:54,30.2366,-93.3774,69.76,75,90,8.05
510,Bichura,RU,2021-11-25 00:05:55,50.5881,107.6022,10.83,93,87,3.53
511,Brive-La-Gaillarde,FR,2021-11-25 00:05:55,45.25,1.5,46.83,57,100,2.48
512,Blythe,US,2021-11-25 00:05:56,33.6103,-114.5964,72.05,9,1,21.85
513,Iaciara,BR,2021-11-25 00:05:56,-14.0958,-46.6317,73.67,55,93,5.28
514,Sao Jose Da Coroa Grande,BR,2021-11-25 00:05:56,-8.8978,-35.1478,78.48,81,5,8.68
515,Zhengjiatun,CN,2021-11-25 00:05:56,43.5064,123.5064,7.97,85,6,4.61
516,Huescar,ES,2021-11-25 00:05:57,37.811,-2.5412,41.13,97,93,9.04
517,Barra Do Garcas,BR,2021-11-25 00:05:57,-15.89,-52.2567,79.65,70,74,3.42
518,Moranbah,AU,2021-11-25 00:05:57,-22.0016,148.0466,71.44,81,100,9.04
519,Trelew,AR,2021-11-25 00:05:58,-43.249,-65.3051,68.95,45,31,12.19
520,Jurm,AF,2021-11-25 00:05:58,36.8648,70.8342,40.57,64,54,5.21
521,Diu,IN,2021-11-25 00:05:58,20.7141,70.9822,75.27,43,4,7.87
522,Lower Hutt,NZ,2021-11-25 00:05:59,-41.2167,174.9167,69.71,57,97,18.41
523,Barcelos,PT,2021-11-25 00:05:59,41.5388,-8.6151,48.34,84,46,5.73
524,Atamanovka,RU,2021-11-25 00:05:59,51.93,113.63,-12.57,100,57,1.72
525,Turmero,VE,2021-11-25 00:06:00,10.2239,-67.4729,73.11,88,100,2.95
526,Mayumba,GA,2021-11-25 00:06:00,-3.432,10.6554,75.31,93,95,3.42
527,Carmen,MX,2021-11-25 00:02:07,18.6333,-91.8333,75.74,76,29,8.75
528,Negombo,LK,2021-11-25 00:01:54,7.2083,79.8358,75.25,100,20,0.0
529,Emba,KZ,2021-11-25 00:06:00,48.8264,58.1442,6.22,90,75,8.7
530,Baykit,RU,2021-11-25 00:06:01,61.67,96.37,11.35,97,99,2.51
531,Honningsvag,NO,2021-11-25 00:06:01,70.9821,25.9704,30.4,66,100,10.85
532,Aleksandrov Gay,RU,2021-11-25 00:06:01,50.147,48.5704,23.0,73,21,10.4
533,Shemonaikha,KZ,2021-11-25 00:06:02,50.6328,81.9056,34.68,90,100,14.81
534,Sarakhs,IR,2021-11-25 00:06:02,36.5449,61.1577,58.03,43,1,8.75
535,Hluti,SZ,2021-11-25 00:06:03,-27.2167,31.6167,58.03,82,100,4.5
536,Alta Floresta,BR,2021-11-25 00:06:03,-9.8756,-56.0861,71.01,98,100,2.75
537,Petropavlovsk-Kamchatskiy,RU,2021-11-25 00:03:33,53.0452,158.6483,39.79,56,75,22.37
538,North Bend,US,2021-11-25 00:06:04,43.4065,-124.2243,53.51,85,1,3.44
539,Lubao,PH,2021-11-25 00:06:04,14.9167,120.55,82.15,84,100,7.67
540,Khani,GE,2021-11-25 00:06:05,41.9563,42.9566,36.97,91,90,0.78
541,Padang,ID,2021-11-25 00:06:05,-0.9492,100.3543,75.25,68,85,3.4
542,Rio De Janeiro,BR,2021-11-25 00:06:04,-22.9028,-43.2075,76.91,83,29,1.97
543,Manuk Mangkaw,PH,2021-11-25 00:06:05,4.8,119.85,81.72,77,100,3.47
544,Atchison,US,2021-11-25 00:06:06,39.563,-95.1216,59.38,56,100,16.44
545,Charters Towers,AU,2021-11-25 00:06:06,-20.1,146.2667,77.81,71,100,8.43
546,Abeche,TD,2021-11-25 00:06:06,13.8292,20.8324,70.21,17,0,10.56
547,Gobabis,NA,2021-11-25 00:06:07,-22.45,18.9667,69.15,22,0,17.94
548,Coahuayana,MX,2021-11-25 00:06:07,18.7333,-103.6833,85.48,82,87,2.95
549,Ouallam,NE,2021-11-25 00:06:07,14.3188,2.0866,81.7,16,0,8.5
550,Birjand,IR,2021-11-25 00:06:08,32.8663,59.2211,46.49,51,0,4.74
551,Chumikan,RU,2021-11-25 00:06:08,54.7183,135.315,19.02,96,100,7.96
552,Wewak,PG,2021-11-25 00:06:08,-3.5534,143.6268,83.73,70,100,1.79
553,Tigil,RU,2021-11-25 00:06:09,57.8,158.6667,13.78,88,6,3.67
554,Mao,ES,2021-11-25 00:06:09,39.8885,4.2658,55.96,67,75,9.22
555,Cayenne,GF,2021-11-25 00:02:05,4.9333,-52.3333,82.09,83,75,1.99
556,De Haan,BE,2021-11-25 00:06:10,51.272,3.0429,45.0,87,75,3.44
557,Sikasso,ML,2021-11-25 00:07:10,10.9167,-7.0,74.35,25,0,0.49
558,Meiganga,CM,2021-11-25 00:07:10,6.5167,14.3,67.14,44,9,4.18
559,Loandjili,CG,2021-11-25 00:07:11,-4.7561,11.8578,78.19,86,100,6.49
560,Kununurra,AU,2021-11-25 00:07:11,-15.7667,128.7333,82.38,78,40,3.44
561,Gornyy,RU,2021-11-25 00:07:11,55.1153,83.9059,15.24,98,100,3.22
562,Cascais,PT,2021-11-25 00:07:11,38.6979,-9.4215,56.46,63,50,8.01
563,Christchurch,NZ,2021-11-25 00:06:06,-43.5333,172.6333,70.48,65,100,5.01
564,Rusera,IN,2021-11-25 00:07:12,25.75,86.0333,62.08,44,1,1.52
565,Fort Nelson,CA,2021-11-25 00:07:12,58.8053,-122.7002,-4.41,77,90,2.3
566,Daru,PG,2021-11-25 00:07:13,-9.0763,143.2092,83.93,76,94,5.44
567,Alberton,CA,2021-11-25 00:07:13,46.8168,-64.0654,38.23,69,100,23.33
568,Santa Isabel,BR,2021-11-25 00:03:57,-23.3156,-46.2214,69.66,97,36,3.06
